{"options":{"check_for_updates":true,"comment":null,"compat_foreach":false,"compat_metadata":false,"compat_powerful_this":null,"compat_wrappedjsobject":false,"compatopts_for_requires":true,"noframes":null,"override":{"merge_connects":true,"merge_excludes":true,"merge_includes":true,"merge_matches":true,"orig_connects":[],"orig_excludes":[],"orig_includes":[],"orig_matches":["*://play.pixels.xyz/*"],"orig_noframes":null,"orig_run_at":"document-idle","orig_run_in":[],"orig_tags":["games"],"use_blockers":[],"use_connects":[],"use_excludes":[],"use_includes":[],"use_matches":[]},"run_at":null,"run_in":null,"sandbox":null,"tags":["games"],"unwrap":null,"user_modified":1764640565289},"settings":{"enabled":true,"position":6},"meta":{"name":"Event Game on resigter","uuid":"5ba701e7-5f98-456a-b3cf-165f05ebd24a","modified":1765074315252,"file_url":"https://raw.githubusercontent.com/omqn9696/extendsionpga/refs/heads/main/trigerphaser.meta.js"}}