{"options":{"check_for_updates":true,"comment":null,"compat_foreach":false,"compat_metadata":false,"compat_powerful_this":null,"compat_wrappedjsobject":false,"compatopts_for_requires":true,"noframes":null,"override":{"merge_connects":true,"merge_excludes":true,"merge_includes":true,"merge_matches":true,"orig_connects":[],"orig_excludes":[],"orig_includes":[],"orig_matches":["*://play.pixels.xyz/*"],"orig_noframes":null,"orig_run_at":"document-idle","orig_run_in":[],"orig_tags":["games"],"use_blockers":[],"use_connects":[],"use_excludes":[],"use_includes":[],"use_matches":[]},"run_at":null,"run_in":null,"sandbox":null,"tags":["games"],"unwrap":null,"user_modified":1765259395037},"settings":{"enabled":true,"position":12},"meta":{"name":"Khai báo các biến window global","uuid":"d4d7c4de-3cc4-40cf-b7f7-98ae945ca4f6","modified":1765259395036,"file_url":"https://raw.githubusercontent.com/omqn9696/extendsionpga/refs/heads/main/trigerphaser.meta.js"}}