{"options":{"check_for_updates":true,"comment":null,"compat_foreach":false,"compat_metadata":false,"compat_powerful_this":null,"compat_wrappedjsobject":false,"compatopts_for_requires":true,"noframes":null,"override":{"merge_connects":true,"merge_excludes":true,"merge_includes":true,"merge_matches":true,"orig_connects":["pixels-api.xyz"],"orig_excludes":[],"orig_includes":[],"orig_matches":["https://pixels.guildpal.com/*","https://play.pixels.xyz/*"],"orig_noframes":null,"orig_run_at":"document-idle","orig_run_in":[],"orig_tags":[],"use_blockers":[],"use_connects":["pixels-api.xyz"],"use_excludes":[],"use_includes":[],"use_matches":[]},"run_at":null,"run_in":null,"sandbox":null,"tags":["games"],"unwrap":null,"user_modified":1764314815708},"settings":{"enabled":true,"position":11},"meta":{"name":"Search land by VX extenssion","uuid":"428fdfb3-2b8d-4821-8660-20e4ffdaade9","modified":1765074315253}}