{"options":{"check_for_updates":true,"comment":null,"compat_foreach":false,"compat_metadata":false,"compat_powerful_this":null,"compat_wrappedjsobject":false,"compatopts_for_requires":true,"noframes":null,"override":{"merge_connects":true,"merge_excludes":true,"merge_includes":true,"merge_matches":true,"orig_connects":[],"orig_excludes":[],"orig_includes":[],"orig_matches":["*://play.pixels.xyz/*"],"orig_noframes":null,"orig_run_at":"document-idle","orig_run_in":[],"orig_tags":["games"],"use_blockers":[],"use_connects":[],"use_excludes":[],"use_includes":[],"use_matches":[]},"run_at":null,"run_in":null,"sandbox":null,"tags":["games"],"unwrap":null,"user_modified":1764939661844},"settings":{"enabled":true,"position":5},"meta":{"name":"Xử lý các sự kiện || Ghi lại thông tin coin gửi google sheet","uuid":"87e9f4c8-8603-410e-a3d8-b919899d7853","modified":1765074315251,"file_url":"https://raw.githubusercontent.com/omqn9696/extendsionpga/refs/heads/main/mail-coin.user.js"}}